Key;SNS;SPC;PPV;NPV;ACC;EntropyLoss
settings.ini/ValidateError/Fold-1;0.6140350877192983;0.7142857142857143;0.8536585365853658;0.40540540540540543;0.6410256410256411;0.5235336385147462
