Key;SNS;SPC;PPV;NPV;ACC;EntropyLoss
settings.ini/TestError/Fold-1;0.8823529411764706;0.7272727272727273;0.8333333333333334;0.8;0.8214285714285714;0.2443360625473665
