Key;SNS;SPC;PPV;NPV;ACC;EntropyLoss
settings.ini/TestError/Fold-1;0.8717948717948718;0.7350427350427351;0.845771144278607;0.7747747747747747;0.8205128205128205;0.5398262164789145
