Key;SNS;SPC;PPV;NPV;ACC;EntropyLoss
settings.ini/TestError/Fold-1;0.6;1;1;0.4634146341463415;0.7027027027027027;0.19882147188534474
