Key;SNS;SPC;PPV;NPV;ACC;EntropyLoss
settings.ini/TestError/Fold-1;0.8571428571428571;0.8333333333333334;0.7058823529411765;0.9259259259259259;0.8409090909090909;0.20490665186793144
